Pure Mg,Pure Mg,Al- Mg-Bi,Al- Mg-Bi,Al-Mg-Sr,Al-Mg-Sr,Al-Mg-Zn,Al-Mg-Zn
Elapsed Time (s),Working Electrode vs. NHE (V),Elapsed Time (s),Working Electrode vs. NHE (V),Elapsed Time (s),Working Electrode vs. NHE (V),Elapsed Time (s),Working Electrode vs. NHE (V)
1,-1.30043,1,-1.25875,1,-1.2708,1,-1.23719
2,-1.30035,2,-1.25913,2,-1.27073,2,-1.23782
3,-1.30023,3,-1.25924,3,-1.27053,3,-1.2375
4,-1.30013,4,-1.25861,4,-1.27034,4,-1.23693
5,-1.30001,5,-1.25889,5,-1.27047,5,-1.23741
6,-1.29992,6,-1.25926,6,-1.27044,6,-1.23784
7,-1.29977,7,-1.25959,7,-1.27087,7,-1.2375
8,-1.29974,8,-1.25954,8,-1.27102,8,-1.23818
9,-1.2996,9,-1.25949,9,-1.27092,9,-1.23753
10,-1.29946,10,-1.25982,10,-1.27067,10,-1.23767
11,-1.2993,11,-1.25988,11,-1.27088,11,-1.23773
12,-1.29914,12,-1.26006,12,-1.27123,12,-1.23709
13,-1.299,13,-1.26019,13,-1.27152,13,-1.23737
14,-1.29885,14,-1.26081,14,-1.27113,14,-1.2372
15,-1.29871,15,-1.26076,15,-1.27115,15,-1.23707
16,-1.29849,16,-1.2604,16,-1.27092,16,-1.23721
17,-1.29831,17,-1.26012,17,-1.27097,17,-1.23764
18,-1.29813,18,-1.26023,18,-1.27128,18,-1.23813
19,-1.29793,19,-1.25999,19,-1.27153,19,-1.23767
20,-1.29772,20,-1.25941,20,-1.27173,20,-1.23786
21,-1.29755,21,-1.25997,21,-1.27207,21,-1.23795
22,-1.29731,22,-1.26015,22,-1.27221,22,-1.23768
23,-1.29707,23,-1.26003,23,-1.27232,23,-1.23821
24,-1.29685,24,-1.25972,24,-1.27232,24,-1.23843
25,-1.2966,25,-1.26019,25,-1.27248,25,-1.23802
26,-1.29638,26,-1.25999,26,-1.27259,26,-1.23784
27,-1.29613,27,-1.25962,27,-1.27279,27,-1.23837
28,-1.29587,28,-1.25944,28,-1.27295,28,-1.23841
29,-1.29563,29,-1.25917,29,-1.2731,29,-1.23864
30,-1.29539,30,-1.25913,30,-1.27327,30,-1.23903
31,-1.29512,31,-1.25874,31,-1.27341,31,-1.23916
32,-1.29491,32,-1.25844,32,-1.27371,32,-1.23908
33,-1.29465,33,-1.25828,33,-1.27406,33,-1.23856
34,-1.29437,34,-1.25857,34,-1.27422,34,-1.23845
35,-1.29407,35,-1.25832,35,-1.27443,35,-1.23855
36,-1.29384,36,-1.25874,36,-1.27452,36,-1.23904
37,-1.29356,37,-1.25853,37,-1.27448,37,-1.23804
38,-1.29328,38,-1.25857,38,-1.27452,38,-1.2382
39,-1.29305,39,-1.25769,39,-1.2746,39,-1.23852
40,-1.29277,40,-1.25807,40,-1.27461,40,-1.23808
41,-1.29256,41,-1.25765,41,-1.27465,41,-1.23857
42,-1.29225,42,-1.2575,42,-1.27483,42,-1.23838
43,-1.292,43,-1.25743,43,-1.27499,43,-1.23832
44,-1.29173,44,-1.25777,44,-1.27492,44,-1.23845
45,-1.29146,45,-1.25776,45,-1.27501,45,-1.23826
46,-1.29122,46,-1.25778,46,-1.27507,46,-1.23798
47,-1.29096,47,-1.25854,47,-1.2751,47,-1.23777
48,-1.29073,48,-1.25829,48,-1.27507,48,-1.23786
49,-1.29051,49,-1.25771,49,-1.27508,49,-1.23801
50,-1.29028,50,-1.2581,50,-1.27499,50,-1.23822
51,-1.29005,51,-1.25836,51,-1.27498,51,-1.23855
52,-1.28992,52,-1.25782,52,-1.27492,52,-1.23823
53,-1.28975,53,-1.25818,53,-1.27483,53,-1.23862
54,-1.28958,54,-1.25816,54,-1.27473,54,-1.23875
55,-1.28936,55,-1.25878,55,-1.27471,55,-1.23864
56,-1.2892,56,-1.25821,56,-1.27466,56,-1.23909
57,-1.28904,57,-1.25799,57,-1.27457,57,-1.2388
58,-1.2889,58,-1.25827,58,-1.27456,58,-1.23859
59,-1.28876,59,-1.25841,59,-1.27439,59,-1.23864
60,-1.28862,60,-1.25818,60,-1.27435,60,-1.23877
61,-1.28849,61,-1.25769,61,-1.27426,61,-1.23879
62,-1.28836,62,-1.25763,62,-1.27423,62,-1.23854
63,-1.28828,63,-1.25783,63,-1.27402,63,-1.23866
64,-1.28819,64,-1.25756,64,-1.27392,64,-1.23866
65,-1.2881,65,-1.25772,65,-1.27367,65,-1.23919
66,-1.28803,66,-1.25751,66,-1.27341,66,-1.23916
67,-1.28797,67,-1.25709,67,-1.27314,67,-1.23965
68,-1.2879,68,-1.25723,68,-1.27297,68,-1.23984
69,-1.28789,69,-1.25707,69,-1.27282,69,-1.23999
70,-1.28789,70,-1.25799,70,-1.2727,70,-1.23983
71,-1.28787,71,-1.25795,71,-1.27257,71,-1.24006
72,-1.28783,72,-1.25763,72,-1.2723,72,-1.2396
73,-1.2878,73,-1.25818,73,-1.27225,73,-1.24005
74,-1.2878,74,-1.25824,74,-1.27217,74,-1.23985
75,-1.2878,75,-1.25807,75,-1.2724,75,-1.23956
76,-1.28778,76,-1.25758,76,-1.27234,76,-1.23996
77,-1.28783,77,-1.25777,77,-1.27211,77,-1.24002
78,-1.28791,78,-1.2582,78,-1.27184,78,-1.23995
79,-1.28793,79,-1.25806,79,-1.27206,79,-1.24046
80,-1.2879,80,-1.25859,80,-1.2719,80,-1.24004
81,-1.28793,81,-1.25804,81,-1.27184,81,-1.24034
82,-1.28793,82,-1.2577,82,-1.27191,82,-1.24012
83,-1.28796,83,-1.2582,83,-1.27203,83,-1.2401
84,-1.28799,84,-1.25822,84,-1.27202,84,-1.24019
85,-1.28803,85,-1.25806,85,-1.27173,85,-1.24005
86,-1.28802,86,-1.25781,86,-1.27167,86,-1.23907
87,-1.28804,87,-1.25815,87,-1.27178,87,-1.23897
88,-1.28805,88,-1.25842,88,-1.27169,88,-1.23878
89,-1.28805,89,-1.25795,89,-1.27157,89,-1.23887
90,-1.28805,90,-1.25761,90,-1.27161,90,-1.23972
91,-1.28808,91,-1.25802,91,-1.27132,91,-1.23948
92,-1.28809,92,-1.2575,92,-1.27152,92,-1.23897
93,-1.28814,93,-1.25764,93,-1.27144,93,-1.23906
94,-1.2882,94,-1.2582,94,-1.27154,94,-1.23942
95,-1.28821,95,-1.25806,95,-1.27143,95,-1.23925
96,-1.28825,96,-1.25779,96,-1.27114,96,-1.23913
97,-1.28832,97,-1.25841,97,-1.27119,97,-1.23945
98,-1.28838,98,-1.25829,98,-1.27112,98,-1.23972
99,-1.28844,99,-1.25792,99,-1.27115,99,-1.23894
100,-1.28852,100,-1.25829,100,-1.27126,100,-1.23891
101,-1.28854,101,-1.25839,101,-1.2714,101,-1.23861
102,-1.28859,102,-1.25847,102,-1.27134,102,-1.23897
103,-1.28864,103,-1.25809,103,-1.27116,103,-1.23935
104,-1.28869,104,-1.25813,104,-1.27113,104,-1.23907
105,-1.28876,105,-1.25829,105,-1.27095,105,-1.23925
106,-1.28879,106,-1.25897,106,-1.2707,106,-1.23912
107,-1.28884,107,-1.25858,107,-1.27083,107,-1.23869
108,-1.28884,108,-1.25901,108,-1.27084,108,-1.23918
109,-1.28885,109,-1.25878,109,-1.27068,109,-1.23911
110,-1.2889,110,-1.25882,110,-1.27067,110,-1.23949
111,-1.28889,111,-1.2588,111,-1.27075,111,-1.23796
112,-1.28894,112,-1.25907,112,-1.2711,112,-1.23775
113,-1.28892,113,-1.25811,113,-1.27136,113,-1.23778
114,-1.28889,114,-1.2586,114,-1.27105,114,-1.23772
115,-1.28885,115,-1.25839,115,-1.27118,115,-1.23789
116,-1.28883,116,-1.25823,116,-1.27089,116,-1.23811
117,-1.28878,117,-1.25827,117,-1.27085,117,-1.23969
118,-1.28874,118,-1.25816,118,-1.27043,118,-1.24011
119,-1.28866,119,-1.25853,119,-1.27013,119,-1.23821
120,-1.28855,120,-1.25825,120,-1.27032,120,-1.23799
121,-1.28852,121,-1.25889,121,-1.27016,121,-1.2369
122,-1.28843,122,-1.25836,122,-1.27041,122,-1.23664
123,-1.28827,123,-1.25849,123,-1.27048,123,-1.23647
124,-1.28819,124,-1.25861,124,-1.27034,124,-1.23678
125,-1.28807,125,-1.25902,125,-1.26995,125,-1.23655
126,-1.28797,126,-1.25792,126,-1.26971,126,-1.23628
127,-1.28781,127,-1.25817,127,-1.26992,127,-1.23662
128,-1.28759,128,-1.25822,128,-1.26997,128,-1.23668
129,-1.2874,129,-1.25812,129,-1.26948,129,-1.23548
130,-1.28718,130,-1.25963,130,-1.26967,130,-1.23589
131,-1.28703,131,-1.25912,131,-1.26999,131,-1.23621
132,-1.28689,132,-1.25797,132,-1.27004,132,-1.23649
133,-1.28674,133,-1.25674,133,-1.27064,133,-1.23639
134,-1.28658,134,-1.2563,134,-1.27394,134,-1.23679
135,-1.2862,135,-1.25524,135,-1.27382,135,-1.23632
136,-1.28606,136,-1.25568,136,-1.2761,136,-1.23635
137,-1.28601,137,-1.25451,137,-1.28217,137,-1.23631
138,-1.28616,138,-1.25503,138,-1.28947,138,-1.23691
139,-1.29012,139,-1.25457,139,-1.29583,139,-1.23708
140,-1.2989,140,-1.25452,140,-1.3002,140,-1.23678
141,-1.30995,141,-1.25456,141,-1.30222,141,-1.23716
142,-1.32045,142,-1.25525,142,-1.30221,142,-1.23652
143,-1.32908,143,-1.25461,143,-1.30227,143,-1.23656
144,-1.3359,144,-1.25472,144,-1.30223,144,-1.23682
145,-1.34146,145,-1.25448,145,-1.30216,145,-1.23701
146,-1.34642,146,-1.25505,146,-1.30297,146,-1.23742
147,-1.35086,147,-1.25538,147,-1.30372,147,-1.23631
148,-1.35488,148,-1.25463,148,-1.30563,148,-1.23664
149,-1.35856,149,-1.25415,149,-1.30706,149,-1.23637
150,-1.36185,150,-1.25485,150,-1.30843,150,-1.23724
151,-1.36484,151,-1.25484,151,-1.30898,151,-1.23786
152,-1.36754,152,-1.25486,152,-1.30824,152,-1.23774
153,-1.37006,153,-1.25565,153,-1.30949,153,-1.23736
154,-1.37216,154,-1.25587,154,-1.31121,154,-1.23699
155,-1.37423,155,-1.25574,155,-1.31245,155,-1.23689
156,-1.3761,156,-1.25523,156,-1.31394,156,-1.23772
157,-1.37773,157,-1.2551,157,-1.31535,157,-1.2376
158,-1.37924,158,-1.25412,158,-1.31619,158,-1.23699
159,-1.38024,159,-1.25399,159,-1.3175,159,-1.23709
160,-1.38159,160,-1.25472,160,-1.31896,160,-1.23799
161,-1.38241,161,-1.25584,161,-1.32078,161,-1.23757
162,-1.38372,162,-1.25524,162,-1.32124,162,-1.23651
163,-1.38463,163,-1.25508,163,-1.32196,163,-1.23666
164,-1.38547,164,-1.25586,164,-1.32255,164,-1.23662
165,-1.3861,165,-1.25481,165,-1.32247,165,-1.23719
166,-1.3869,166,-1.25312,166,-1.32306,166,-1.23735
167,-1.3876,167,-1.25448,167,-1.32389,167,-1.23711
168,-1.38807,168,-1.2541,168,-1.32374,168,-1.23643
169,-1.38857,169,-1.25435,169,-1.32414,169,-1.2365
170,-1.38899,170,-1.25508,170,-1.32393,170,-1.23681
171,-1.3894,171,-1.25496,171,-1.32416,171,-1.23752
172,-1.38971,172,-1.25499,172,-1.32521,172,-1.23778
173,-1.39004,173,-1.25608,173,-1.3251,173,-1.23798
174,-1.39031,174,-1.25641,174,-1.3259,174,-1.23822
175,-1.3907,175,-1.25551,175,-1.32443,175,-1.2382
176,-1.39093,176,-1.25515,176,-1.3236,176,-1.23754
177,-1.39108,177,-1.25631,177,-1.32401,177,-1.23814
178,-1.3913,178,-1.25585,178,-1.32447,178,-1.23794
179,-1.39147,179,-1.25668,179,-1.32445,179,-1.23787
180,-1.39163,180,-1.25648,180,-1.32417,180,-1.23787
181,-1.39177,181,-1.2568,181,-1.32457,181,-1.23769
182,-1.39184,182,-1.25562,182,-1.32405,182,-1.23773
183,-1.39192,183,-1.25513,183,-1.32439,183,-1.23735
184,-1.39195,184,-1.25493,184,-1.3244,184,-1.23643
185,-1.39193,185,-1.25614,185,-1.3232,185,-1.23632
186,-1.39197,186,-1.25475,186,-1.32218,186,-1.23636
187,-1.39195,187,-1.25481,187,-1.32214,187,-1.23702
188,-1.39196,188,-1.25524,188,-1.32259,188,-1.2363
189,-1.39191,189,-1.25534,189,-1.32274,189,-1.2371
190,-1.39182,190,-1.25543,190,-1.32144,190,-1.23658
191,-1.39181,191,-1.25443,191,-1.32146,191,-1.23662
192,-1.39172,192,-1.25527,192,-1.32134,192,-1.23661
193,-1.39167,193,-1.25504,193,-1.32127,193,-1.23631
194,-1.39154,194,-1.25497,194,-1.32168,194,-1.23702
195,-1.39144,195,-1.25487,195,-1.32161,195,-1.23693
196,-1.3913,196,-1.25517,196,-1.32076,196,-1.23722
197,-1.39122,197,-1.25483,197,-1.32041,197,-1.23753
198,-1.39109,198,-1.25524,198,-1.32009,198,-1.23694
199,-1.39098,199,-1.25501,199,-1.32056,199,-1.23691
200,-1.39088,200,-1.25471,200,-1.31988,200,-1.23685
201,-1.3907,201,-1.25548,201,-1.31881,201,-1.23732
202,-1.39054,202,-1.25563,202,-1.31869,202,-1.23732
203,-1.3904,203,-1.25441,203,-1.31845,203,-1.2361
204,-1.39023,204,-1.25411,204,-1.31791,204,-1.23721
205,-1.39006,205,-1.25474,205,-1.31707,205,-1.237
206,-1.3899,206,-1.25441,206,-1.31683,206,-1.23637
207,-1.38969,207,-1.25431,207,-1.31682,207,-1.23666
208,-1.3895,208,-1.25453,208,-1.31663,208,-1.23663
209,-1.38925,209,-1.2548,209,-1.31701,209,-1.23611
210,-1.389,210,-1.25369,210,-1.31704,210,-1.23667
211,-1.38875,211,-1.25449,211,-1.31716,211,-1.23688
212,-1.38853,212,-1.2543,212,-1.31686,212,-1.23717
213,-1.38823,213,-1.25408,213,-1.31554,213,-1.2367
214,-1.388,214,-1.25388,214,-1.31599,214,-1.23681
215,-1.38775,215,-1.2534,215,-1.31557,215,-1.23643
216,-1.38748,216,-1.25297,216,-1.31574,216,-1.2362
217,-1.38722,217,-1.25421,217,-1.31525,217,-1.23572
218,-1.38697,218,-1.25444,218,-1.31524,218,-1.2369
219,-1.38673,219,-1.25378,219,-1.31485,219,-1.23668
220,-1.38648,220,-1.25317,220,-1.3143,220,-1.23723
221,-1.38626,221,-1.25403,221,-1.31422,221,-1.23593
222,-1.38601,222,-1.25371,222,-1.31401,222,-1.23624
223,-1.38573,223,-1.2543,223,-1.314,223,-1.23567
224,-1.38546,224,-1.25283,224,-1.31327,224,-1.236
225,-1.3852,225,-1.2529,225,-1.3134,225,-1.2357
226,-1.3849,226,-1.25303,226,-1.31352,226,-1.23532
227,-1.38461,227,-1.25358,227,-1.31297,227,-1.23591
228,-1.38431,228,-1.25243,228,-1.31255,228,-1.23653
229,-1.38402,229,-1.25286,229,-1.31229,229,-1.23704
230,-1.38367,230,-1.25307,230,-1.31206,230,-1.23693
231,-1.38324,231,-1.25345,231,-1.31182,231,-1.23617
232,-1.38254,232,-1.25389,232,-1.31108,232,-1.2361
233,-1.38269,233,-1.2539,233,-1.31129,233,-1.23722
234,-1.38261,234,-1.25508,234,-1.31125,234,-1.23706
235,-1.38232,235,-1.25424,235,-1.31114,235,-1.23764
236,-1.38198,236,-1.25446,236,-1.31111,236,-1.23699
237,-1.38119,237,-1.25402,237,-1.31149,237,-1.23579
238,-1.38111,238,-1.25349,238,-1.31111,238,-1.23656
239,-1.38068,239,-1.25346,239,-1.31011,239,-1.2369
240,-1.38023,240,-1.25427,240,-1.30956,240,-1.23596
241,-1.37964,241,-1.2539,241,-1.30953,241,-1.23593
242,-1.37924,242,-1.25418,242,-1.30924,242,-1.23601
243,-1.37236,243,-1.25387,243,-1.30997,243,-1.23515
244,,244,-1.25388,244,-1.31035,244,-1.23599
245,,245,-1.25465,245,-1.30964,245,-1.23714
246,-1.37799,246,-1.25558,246,-1.3097,246,-1.23717
247,-1.37742,247,-1.25449,247,-1.30944,247,-1.2369
248,-1.37736,248,-1.25419,248,-1.3091,248,-1.23808
249,-1.37706,249,-1.2541,249,-1.30852,249,-1.2376
250,-1.37617,250,-1.25485,250,-1.3085,250,-1.23771
251,-1.37581,251,-1.25351,251,-1.30801,251,-1.23746
252,-1.37232,252,-1.25399,252,-1.30859,252,-1.2386
253,,253,-1.25295,253,-1.30798,253,-1.23755
254,-1.37296,254,-1.25234,254,-1.30765,254,-1.23736
255,-1.37461,255,-1.25344,255,-1.30713,255,-1.23857
256,-1.37419,256,-1.25337,256,-1.30758,256,-1.23804
257,-1.37381,257,-1.25369,257,-1.30765,257,-1.23717
258,-1.37354,258,-1.2536,258,-1.30653,258,-1.23751
259,-1.37121,259,-1.25528,259,-1.30738,259,-1.23771
260,-1.37285,260,-1.25528,260,-1.30771,260,-1.23749
261,-1.37262,261,-1.25486,261,-1.30751,261,-1.23704
262,-1.37211,262,-1.25472,262,-1.30768,262,-1.23727
263,-1.37154,263,-1.25414,263,-1.30783,263,-1.23778
264,-1.37116,264,-1.25285,264,-1.30653,264,-1.23813
265,-1.37071,265,-1.25327,265,-1.30646,265,-1.23791
266,-1.37034,266,-1.25401,266,-1.30655,266,-1.23781
267,-1.36964,267,-1.25422,267,-1.30701,267,-1.23862
268,-1.36935,268,-1.25365,268,-1.30615,268,-1.23816
269,-1.36849,269,-1.25366,269,-1.30611,269,-1.23835
270,-1.36855,270,-1.25364,270,-1.30621,270,-1.23847
271,-1.36837,271,-1.25402,271,-1.30586,271,-1.23857
272,-1.3672,272,-1.25397,272,-1.3058,272,-1.23926
273,-1.36718,273,-1.25431,273,-1.30567,273,-1.23791
274,-1.36699,274,-1.25322,274,-1.30565,274,-1.23804
275,-1.36679,275,-1.2533,275,-1.30511,275,-1.23806
276,-1.36686,276,-1.25475,276,-1.30513,276,-1.23772
277,-1.36683,277,-1.25336,277,-1.30546,277,-1.23802
278,-1.36693,278,-1.25484,278,-1.30608,278,-1.2387
279,-1.36701,279,-1.25396,279,-1.30583,279,-1.23837
280,-1.36726,280,-1.25461,280,-1.30498,280,-1.23826
281,-1.36721,281,-1.25465,281,-1.30525,281,-1.23683
282,-1.36323,282,-1.25372,282,-1.30524,282,-1.23793
283,-1.36671,283,-1.25511,283,-1.30482,283,-1.23783
284,-1.36624,284,-1.25316,284,-1.30334,284,-1.23804
285,-1.36591,285,-1.25394,285,-1.30237,285,-1.23762
286,-1.36454,286,-1.25247,286,-1.30231,286,-1.23799
287,-1.36465,287,-1.25306,287,-1.30264,287,-1.23764
288,-1.36427,288,-1.2525,288,-1.30282,288,-1.23779
289,-1.36368,289,-1.25278,289,-1.30407,289,-1.23727
290,-1.36364,290,-1.25362,290,-1.30334,290,-1.23714
291,-1.36346,291,-1.25282,291,-1.30351,291,-1.23772
292,-1.3625,292,-1.25459,292,-1.30271,292,-1.23752
293,-1.36322,293,-1.25219,293,-1.30251,293,-1.23778
294,-1.36356,294,-1.25291,294,-1.30223,294,-1.23747
295,-1.36326,295,-1.25386,295,-1.30326,295,-1.23738
296,-1.36336,296,-1.25339,296,-1.30269,296,-1.23734
297,-1.36341,297,-1.25235,297,-1.30224,297,-1.23757
298,-1.36325,298,-1.2531,298,-1.3019,298,-1.23844
299,-1.36369,299,-1.25354,299,-1.30171,299,-1.23892
300,-1.36322,300,-1.25284,300,-1.3014,300,-1.23712
301,-1.3622,301,-1.25474,301,-1.30219,301,-1.23829
302,-1.36154,302,-1.25337,302,-1.30223,302,-1.2375
303,-1.36089,303,-1.25364,303,-1.30215,303,-1.23777
304,-1.36179,304,-1.2533,304,-1.30171,304,-1.23754
305,-1.36192,305,-1.25108,305,-1.3025,305,-1.23764
306,-1.35963,306,-1.25329,306,-1.3022,306,-1.23743
307,-1.35904,307,-1.25404,307,-1.3023,307,-1.23802
308,-1.35745,308,-1.2531,308,-1.30151,308,-1.23742
309,-1.35456,309,-1.25247,309,-1.30127,309,-1.23747
310,-1.35311,310,-1.25224,310,-1.30075,310,-1.23712
311,-1.35213,311,-1.25325,311,-1.30045,311,-1.2376
312,-1.35052,312,-1.25312,312,-1.30056,312,-1.23847
313,-1.35143,313,-1.25352,313,-1.30035,313,-1.23864
314,-1.34772,314,-1.25302,314,-1.2997,314,-1.23846
315,-1.3497,315,-1.25363,315,-1.29958,315,-1.23872
316,-1.35006,316,-1.25279,316,-1.3005,316,-1.2386
317,-1.34987,317,-1.25381,317,-1.29893,317,-1.23778
318,-1.34849,318,-1.25329,318,-1.29855,318,-1.23821
319,-1.3489,319,-1.25331,319,-1.29886,319,-1.23874
320,-1.34722,320,-1.25171,320,-1.29858,320,-1.23912
321,-1.34889,321,-1.25114,321,-1.29861,321,-1.23875
322,-1.34903,322,-1.25113,322,-1.29769,322,-1.23759
323,-1.35078,323,-1.25213,323,-1.2985,323,-1.23757
324,-1.34992,324,-1.25171,324,-1.29804,324,-1.23758
325,-1.34694,325,-1.25274,325,-1.29746,325,-1.23802
326,-1.34569,326,-1.25368,326,-1.2966,326,-1.23753
327,-1.34594,327,-1.25252,327,-1.29529,327,-1.23808
328,-1.34504,328,-1.25068,328,-1.29749,328,-1.2383
329,-1.34542,329,-1.25184,329,-1.29741,329,-1.23801
330,-1.34451,330,-1.25206,330,-1.29677,330,-1.23877
331,-1.34403,331,-1.25305,331,-1.29626,331,-1.23755
332,-1.3438,332,-1.25293,332,-1.29604,332,-1.23752
333,-1.3431,333,-1.25405,333,-1.29549,333,-1.23792
334,-1.34247,334,-1.25426,334,-1.29694,334,-1.238
335,-1.34185,335,-1.25299,335,-1.29703,335,-1.23697
336,-1.34175,336,-1.25387,336,-1.29629,336,-1.23719
337,-1.34347,337,-1.25288,337,-1.29704,337,-1.23711
338,-1.3446,338,-1.25267,338,-1.29727,338,-1.23789
339,-1.34342,339,-1.25211,339,-1.29679,339,-1.23754
340,-1.3433,340,-1.252,340,-1.29589,340,-1.23822
341,-1.34226,341,-1.25337,341,-1.29611,341,-1.23816
342,-1.34212,342,-1.25398,342,-1.29568,342,-1.23831
343,-1.34278,343,-1.2543,343,-1.29492,343,-1.23866
344,-1.34159,344,-1.25288,344,-1.29517,344,-1.23872
345,-1.34059,345,-1.25297,345,-1.29475,345,-1.23893
346,-1.34186,346,-1.25296,346,-1.29529,346,-1.23899
347,-1.34075,347,-1.25316,347,-1.29485,347,-1.23876
348,-1.34115,348,-1.2515,348,-1.29481,348,-1.23802
349,-1.34037,349,-1.25198,349,-1.2944,349,-1.23919
350,-1.3422,350,-1.25272,350,-1.29449,350,-1.23858
351,-1.34217,351,-1.25208,351,-1.2942,351,-1.23866
352,-1.34263,352,-1.25142,352,-1.29258,352,-1.23894
353,-1.34184,353,-1.2525,353,-1.29295,353,-1.23873
354,-1.34122,354,-1.25208,354,-1.29297,354,-1.23913
355,-1.34127,355,-1.25238,355,-1.29164,355,-1.23893
356,-1.3406,356,-1.25239,356,-1.29256,356,-1.23884
357,-1.34247,357,-1.25144,357,-1.29369,357,-1.23891
358,-1.34304,358,-1.25287,358,-1.29336,358,-1.2394
359,-1.34209,359,-1.25251,359,-1.29287,359,-1.23887
360,-1.34104,360,-1.25201,360,-1.29278,360,-1.23914
361,-1.3404,361,-1.25206,361,-1.29276,361,-1.23807
362,-1.34117,362,-1.25159,362,-1.29227,362,-1.2389
363,-1.33877,363,-1.25135,363,-1.2914,363,-1.23853
364,-1.3397,364,-1.25121,364,-1.29145,364,-1.23837
365,-1.339,365,-1.2519,365,-1.29125,365,-1.23866
366,-1.33988,366,-1.25006,366,-1.29053,366,-1.23847
367,-1.33843,367,-1.25006,367,-1.29025,367,-1.23866
368,-1.33778,368,-1.24927,368,-1.28982,368,-1.23865
369,-1.33694,369,-1.24976,369,-1.29045,369,-1.23903
370,-1.3349,370,-1.25048,370,-1.2903,370,-1.23878
371,-1.33642,371,-1.25116,371,-1.28938,371,-1.2395
372,-1.33887,372,-1.24984,372,-1.28896,372,-1.23959
373,-1.33815,373,-1.2497,373,-1.28827,373,-1.2388
374,-1.33816,374,-1.25097,374,-1.28825,374,-1.23867
375,-1.33712,375,-1.25113,375,-1.28821,375,-1.23835
376,-1.33798,376,-1.25113,376,-1.28823,376,-1.23837
377,-1.33528,377,-1.25111,377,-1.28808,377,-1.23779
378,-1.33617,378,-1.25205,378,-1.28858,378,-1.23776
379,-1.33461,379,-1.24919,379,-1.28829,379,-1.23821
380,-1.33593,380,-1.2503,380,-1.28759,380,-1.23801
381,-1.33741,381,-1.25089,381,-1.28654,381,-1.23828
382,-1.33801,382,-1.25153,382,-1.2867,382,-1.23806
383,-1.33951,383,-1.25215,383,-1.28692,383,-1.23707
384,-1.33687,384,-1.2506,384,-1.28681,384,-1.23779
385,-1.33685,385,-1.25064,385,-1.28725,385,-1.23821
386,-1.33743,386,-1.25156,386,-1.28691,386,-1.23747
387,-1.33653,387,-1.25155,387,-1.28716,387,-1.23702
388,-1.33454,388,-1.2508,388,-1.28753,388,-1.23677
389,-1.33614,389,-1.25173,389,-1.28726,389,-1.23609
390,-1.33469,390,-1.25045,390,-1.2877,390,-1.23457
391,-1.335,391,-1.2508,391,-1.28679,391,
392,-1.33425,392,-1.25058,392,-1.28636,392,
393,-1.33423,393,-1.25202,393,-1.28636,393,
394,-1.33467,394,-1.25068,394,-1.28647,394,-1.23522
395,-1.33469,395,-1.25175,395,-1.28666,395,-1.23553
396,-1.33216,396,-1.251,396,-1.28614,396,-1.23565
397,-1.33011,397,-1.25218,397,-1.28432,397,
398,-1.33027,398,-1.25024,398,-1.28447,398,-1.23515
399,-1.3312,399,-1.25103,399,-1.28509,399,-1.23663
400,-1.3332,400,-1.25096,400,-1.28597,400,-1.23705
401,-1.33399,401,-1.25053,401,-1.28651,401,-1.23765
402,-1.33328,402,-1.25123,402,-1.28522,402,-1.23713
403,-1.33107,403,-1.25168,403,-1.28562,403,-1.23644
404,-1.33117,404,-1.25086,404,-1.28477,404,-1.23744
405,-1.33081,405,-1.25164,405,-1.28504,405,-1.23666
406,-1.3314,406,-1.25219,406,-1.28503,406,-1.2373
407,-1.33024,407,-1.25086,407,-1.2843,407,-1.23702
408,-1.32943,408,-1.25145,408,-1.28343,408,-1.23687
409,-1.32679,409,-1.25031,409,-1.28393,409,-1.23641
410,-1.32712,410,-1.25064,410,-1.2849,410,-1.23734
411,-1.32799,411,-1.25163,411,-1.28357,411,-1.23575
412,-1.32821,412,-1.2518,412,-1.28325,412,-1.23566
413,-1.32737,413,-1.25094,413,-1.28368,413,-1.23614
414,-1.32687,414,-1.25069,414,-1.28304,414,-1.23665
415,-1.32664,415,-1.25193,415,-1.28315,415,-1.23655
416,-1.32651,416,-1.25062,416,-1.28294,416,-1.23644
417,-1.32599,417,-1.25137,417,-1.28256,417,-1.23715
418,-1.32651,418,-1.25242,418,-1.28347,418,-1.23844
419,-1.32661,419,-1.25192,419,-1.28376,419,-1.23768
420,-1.32504,420,-1.25336,420,-1.283,420,-1.23807
421,-1.32587,421,-1.25196,421,-1.28281,421,-1.23786
422,-1.32556,422,-1.25057,422,-1.28278,422,-1.23847
423,-1.32546,423,-1.25008,423,-1.28218,423,-1.238
424,-1.32517,424,-1.25143,424,-1.28222,424,-1.2379
425,-1.32481,425,-1.25185,425,-1.28191,425,-1.23781
426,-1.32467,426,-1.25211,426,-1.2818,426,-1.23761
427,-1.32244,427,-1.25136,427,-1.28159,427,-1.23786
428,-1.32144,428,-1.25095,428,-1.28206,428,-1.23792
429,-1.31972,429,-1.25311,429,-1.28155,429,-1.2387
430,-1.32278,430,-1.25067,430,-1.28109,430,-1.23856
431,-1.32165,431,-1.25172,431,-1.28092,431,-1.23857
432,-1.32303,432,-1.25147,432,-1.28108,432,-1.23829
433,-1.32211,433,-1.25035,433,-1.28055,433,-1.2376
434,-1.3214,434,-1.24978,434,-1.28028,434,-1.23813
435,-1.32077,435,-1.25093,435,-1.28132,435,-1.2374
436,-1.32033,436,-1.25046,436,-1.28094,436,-1.23765
437,-1.32029,437,-1.25061,437,-1.28146,437,-1.23747
438,-1.32214,438,-1.252,438,-1.28176,438,-1.238
439,-1.31957,439,-1.25173,439,-1.28124,439,-1.23828
440,-1.32031,440,-1.25045,440,-1.28102,440,-1.23831
441,-1.32143,441,-1.2521,441,-1.28043,441,-1.23741
442,-1.32105,442,-1.25158,442,-1.28092,442,-1.23808
443,-1.32038,443,-1.25329,443,-1.28133,443,-1.23762
444,-1.32029,444,-1.25222,444,-1.28127,444,-1.23775
445,-1.32141,445,-1.25176,445,-1.28085,445,-1.23758
446,-1.3191,446,-1.25343,446,-1.28064,446,-1.23784
447,-1.31893,447,-1.25214,447,-1.2801,447,-1.23775
448,-1.32007,448,-1.25094,448,-1.28041,448,-1.23829
449,-1.31811,449,-1.25385,449,-1.28067,449,-1.23878
450,-1.31867,450,-1.25296,450,-1.27965,450,-1.23821
451,-1.31818,451,-1.25107,451,-1.28065,451,-1.23735
452,-1.3211,452,-1.2522,452,-1.28089,452,-1.23733
453,-1.32261,453,-1.25334,453,-1.28051,453,-1.23758
454,-1.32048,454,-1.25235,454,-1.28058,454,-1.23819
455,-1.32039,455,-1.25368,455,-1.27993,455,-1.2393
456,-1.31944,456,-1.25249,456,-1.27909,456,-1.23928
457,-1.32019,457,-1.25216,457,-1.27889,457,-1.23856
458,-1.32127,458,-1.25169,458,-1.27836,458,-1.23785
459,-1.31979,459,-1.25233,459,-1.27806,459,-1.23824
460,-1.32068,460,-1.25288,460,-1.27851,460,-1.23782
461,-1.32151,461,-1.25175,461,-1.27817,461,-1.23822
462,-1.32059,462,-1.25258,462,-1.27859,462,-1.23878
463,-1.31959,463,-1.25254,463,-1.27871,463,-1.23917
464,-1.32095,464,-1.25172,464,-1.27862,464,-1.23884
465,-1.32199,465,-1.25185,465,-1.27894,465,-1.23886
466,-1.31922,466,-1.2539,466,-1.27871,466,-1.23838
467,-1.31992,467,-1.25286,467,-1.27869,467,-1.23935
468,-1.31749,468,-1.25272,468,-1.27808,468,-1.23896
469,-1.31909,469,-1.25297,469,-1.27895,469,-1.23924
470,-1.31942,470,-1.25233,470,-1.27906,470,-1.23952
471,-1.31936,471,-1.25118,471,-1.27875,471,-1.23945
472,-1.31953,472,-1.25329,472,-1.27786,472,-1.23922
473,-1.31802,473,-1.25308,473,-1.27779,473,-1.23876
474,-1.31891,474,-1.2535,474,-1.27801,474,-1.2395
475,-1.3209,475,-1.25298,475,-1.27786,475,-1.23859
476,-1.31949,476,-1.25336,476,-1.27744,476,-1.23871
477,-1.32267,477,-1.25169,477,-1.27714,477,-1.23848
478,-1.31921,478,-1.25306,478,-1.27697,478,-1.23831
479,-1.32082,479,-1.25127,479,-1.27638,479,-1.2378
480,-1.32029,480,-1.25374,480,-1.27638,480,-1.23863
481,-1.3181,481,-1.25313,481,-1.27602,481,-1.23912
482,-1.3177,482,-1.25242,482,-1.27512,482,-1.23944
483,-1.32034,483,-1.25272,483,-1.2749,483,-1.23858
484,-1.31918,484,-1.25302,484,-1.27451,484,-1.23899
485,-1.31804,485,-1.25232,485,-1.27515,485,-1.23904
486,-1.31668,486,-1.25187,486,-1.2758,486,-1.2384
487,-1.32176,487,-1.25061,487,-1.2754,487,-1.23839
488,-1.31873,488,-1.25105,488,-1.27497,488,-1.23924
489,-1.31871,489,-1.25341,489,-1.27521,489,-1.23851
490,-1.31359,490,-1.25281,490,-1.27492,490,-1.23811
491,-1.31291,491,-1.25383,491,-1.27496,491,-1.23821
492,-1.3147,492,-1.25241,492,-1.27469,492,-1.23812
493,-1.30959,493,-1.25266,493,-1.27474,493,-1.23837
494,-1.31199,494,-1.25233,494,-1.27483,494,-1.23835
495,-1.31454,495,-1.25269,495,-1.27441,495,-1.23871
496,-1.31496,496,-1.25181,496,-1.27403,496,-1.23863
497,-1.31431,497,-1.25194,497,-1.27398,497,-1.23862
498,-1.31543,498,-1.25175,498,-1.27307,498,-1.23817
499,-1.3132,499,-1.252,499,-1.27264,499,-1.23815
500,-1.31282,500,-1.25095,500,-1.27306,500,-1.23857
501,-1.3152,501,-1.25115,501,-1.27279,501,-1.23805
502,-1.31503,502,-1.2504,502,-1.27339,502,-1.23816
503,-1.31171,503,-1.25203,503,-1.27325,503,-1.238
504,-1.31456,504,-1.25099,504,-1.27303,504,-1.23857
505,-1.31463,505,-1.25113,505,-1.27163,505,-1.23886
506,-1.31511,506,-1.25119,506,-1.27165,506,-1.23826
507,-1.31144,507,-1.25112,507,-1.27193,507,-1.23776
508,-1.31488,508,-1.24975,508,-1.27278,508,-1.23759
509,-1.31399,509,-1.24944,509,-1.27299,509,-1.23861
510,-1.31488,510,-1.24888,510,-1.27185,510,-1.2382
511,-1.31514,511,-1.25124,511,-1.27196,511,-1.23821
512,-1.31483,512,-1.25093,512,-1.27234,512,-1.23819
513,-1.31571,513,-1.25162,513,-1.2728,513,-1.23851
514,-1.31397,514,-1.25123,514,-1.27184,514,-1.23765
515,-1.31318,515,-1.24929,515,-1.27031,515,-1.23805
516,-1.31614,516,-1.25017,516,-1.27044,516,-1.23835
517,,517,-1.25052,517,-1.27103,517,-1.23848
518,-1.31053,518,-1.24942,518,-1.27057,518,-1.23819
519,-1.30722,519,-1.25035,519,-1.27031,519,-1.23855
520,-1.30503,520,-1.24952,520,-1.2699,520,-1.23859
521,-1.31262,521,-1.24874,521,-1.26903,521,-1.23917
522,-1.31153,522,-1.25052,522,-1.26892,522,-1.23901
523,-1.31165,523,-1.25207,523,-1.26884,523,-1.23875
524,-1.31282,524,-1.25183,524,-1.26922,524,-1.23847
525,-1.31288,525,-1.25199,525,-1.26909,525,-1.2378
526,-1.3145,526,-1.25159,526,-1.26844,526,-1.23869
527,-1.3114,527,-1.2535,527,-1.26737,527,-1.23872
528,-1.3113,528,-1.25114,528,-1.2675,528,-1.23905
529,-1.31296,529,-1.25043,529,-1.26744,529,-1.23869
530,-1.31316,530,-1.24913,530,-1.26718,530,-1.23874
531,-1.31519,531,-1.25042,531,-1.26727,531,-1.23857
532,-1.31252,532,-1.25073,532,-1.26649,532,-1.23916
533,-1.31334,533,-1.25039,533,-1.26659,533,-1.23804
534,-1.31554,534,-1.25068,534,-1.26668,534,-1.23834
535,-1.31397,535,-1.25136,535,-1.26655,535,-1.23832
536,-1.31299,536,-1.25268,536,-1.26614,536,-1.23833
537,-1.31025,537,-1.25156,537,-1.26645,537,-1.23781
538,-1.30904,538,-1.25263,538,-1.2655,538,-1.23894
539,-1.31078,539,-1.25069,539,-1.26467,539,-1.2387
540,-1.30914,540,-1.25136,540,-1.26449,540,-1.23883
541,-1.31198,541,-1.25046,541,-1.26512,541,-1.23885
542,-1.31202,542,-1.2514,542,-1.26559,542,-1.23878
543,-1.31247,543,-1.25049,543,-1.26513,543,-1.23869
544,-1.31105,544,-1.25051,544,-1.26501,544,-1.23886
545,-1.30867,545,-1.24861,545,-1.26518,545,-1.23844
546,-1.30968,546,-1.24918,546,-1.26459,546,-1.2381
547,-1.3114,547,-1.25063,547,-1.26497,547,-1.23857
548,-1.30973,548,-1.25004,548,-1.26371,548,-1.23884
549,-1.31077,549,-1.24917,549,-1.26384,549,-1.23899
550,-1.31107,550,-1.24729,550,-1.26312,550,-1.23901
551,-1.31056,551,-1.24748,551,-1.26338,551,-1.23872
552,-1.31202,552,-1.24962,552,-1.26285,552,-1.23897
553,-1.30847,553,-1.24876,553,-1.26248,553,-1.23801
554,-1.3082,554,-1.25093,554,-1.2619,554,-1.2374
555,-1.31152,555,-1.25029,555,-1.26211,555,-1.23888
556,-1.30939,556,-1.24965,556,-1.26198,556,-1.23858
557,-1.30934,557,-1.25093,557,-1.26222,557,-1.23895
558,-1.31101,558,-1.24989,558,-1.26272,558,-1.2382
559,-1.30965,559,-1.24925,559,-1.262,559,-1.2378
560,-1.30935,560,-1.24986,560,-1.26271,560,-1.23879
561,-1.30811,561,-1.24893,561,-1.2621,561,-1.2391
562,-1.30836,562,-1.24929,562,-1.26208,562,-1.23897
563,-1.31036,563,-1.25046,563,-1.26104,563,-1.23779
564,-1.3081,564,-1.25028,564,-1.26025,564,-1.23839
565,-1.30748,565,-1.24833,565,-1.25949,565,-1.23911
566,-1.30861,566,-1.25062,566,-1.2601,566,-1.23861
567,-1.30753,567,-1.25101,567,-1.2588,567,-1.2389
568,-1.30665,568,-1.25106,568,-1.25979,568,-1.23834
569,-1.30853,569,-1.25086,569,-1.26096,569,-1.23869
570,-1.30734,570,-1.25165,570,-1.2605,570,-1.23951
571,-1.30817,571,-1.2493,571,-1.26079,571,-1.23901
572,-1.31032,572,-1.24978,572,-1.26006,572,-1.23944
573,-1.30994,573,-1.2503,573,-1.26012,573,-1.23916
574,-1.30875,574,-1.25083,574,-1.26044,574,-1.23853
575,-1.30831,575,-1.25005,575,-1.25939,575,-1.23839
576,-1.30958,576,-1.25017,576,-1.26024,576,-1.23853
577,-1.30791,577,-1.25069,577,-1.26037,577,-1.2388
578,-1.30862,578,-1.25008,578,-1.25937,578,-1.23818
579,-1.3068,579,-1.25097,579,-1.25923,579,-1.23835
580,-1.30686,580,-1.25155,580,-1.25737,580,-1.2381
581,-1.30831,581,-1.25039,581,-1.25805,581,-1.23856
582,-1.30787,582,-1.25056,582,-1.25851,582,-1.23851
583,-1.30698,583,-1.25133,583,-1.25813,583,-1.23762
584,-1.30705,584,-1.25044,584,-1.2579,584,-1.23804
585,-1.30559,585,-1.25194,585,-1.2587,585,-1.23791
586,-1.3036,586,-1.25239,586,-1.25718,586,-1.23774
587,-1.30762,587,-1.25163,587,-1.25704,587,-1.23836
588,-1.30532,588,-1.2515,588,-1.25688,588,-1.23804
589,-1.30766,589,-1.24985,589,-1.25782,589,-1.23833
590,-1.3071,590,-1.25187,590,-1.2576,590,-1.23796
591,-1.30697,591,-1.25161,591,-1.25747,591,-1.23825
592,-1.30651,592,-1.25303,592,-1.25524,592,-1.23722
593,-1.30772,593,-1.2501,593,-1.25598,593,-1.23834
594,-1.30776,594,-1.25052,594,-1.25603,594,-1.23748
595,-1.30775,595,-1.25114,595,-1.25542,595,-1.2379
596,-1.3077,596,-1.25133,596,-1.25631,596,-1.23792
597,-1.30568,597,-1.25058,597,-1.25603,597,-1.23811
598,-1.30696,598,-1.25137,598,-1.25498,598,-1.23843
599,-1.30663,599,-1.25172,599,-1.25588,599,-1.23774
600,-1.30892,600,-1.25162,600,-1.25506,600,-1.23793
601,-1.30666,601,-1.25316,601,-1.25549,601,-1.23868
602,-1.30604,602,-1.25293,602,-1.25521,602,-1.23794
603,-1.30595,603,-1.24946,603,-1.25318,603,-1.23781
604,-1.30368,604,-1.2511,604,-1.25289,604,-1.23797
605,-1.30422,605,-1.25032,605,-1.25381,605,-1.23791
606,-1.30311,606,-1.25084,606,-1.25494,606,-1.23746
607,-1.30102,607,-1.25009,607,-1.25502,607,-1.23796
608,-1.30066,608,-1.24967,608,-1.2553,608,-1.23813
609,-1.30233,609,-1.24867,609,-1.25521,609,-1.23768
610,-1.30353,610,-1.25109,610,-1.25455,610,-1.2379
611,-1.30403,611,-1.25103,611,-1.25466,611,-1.2372
612,-1.30127,612,-1.25177,612,-1.25491,612,-1.23832
613,-1.30118,613,-1.2509,613,-1.2534,613,-1.23763
614,-1.30132,614,-1.25099,614,-1.2525,614,-1.23766
615,-1.2998,615,-1.25085,615,-1.25365,615,-1.23807
616,-1.30131,616,-1.2494,616,-1.2539,616,-1.23834
617,-1.30016,617,-1.24975,617,-1.25365,617,-1.2379
618,-1.29907,618,-1.2502,618,-1.25319,618,-1.23747
619,-1.29942,619,-1.24966,619,-1.25149,619,-1.23749
620,-1.29967,620,-1.24984,620,-1.253,620,-1.23767
621,-1.29826,621,-1.25065,621,-1.25262,621,-1.23825
622,-1.30017,622,-1.24916,622,-1.25324,622,-1.23778
623,-1.29964,623,-1.2511,623,-1.25339,623,-1.23906
624,-1.30137,624,-1.24992,624,-1.25209,624,-1.23863
625,-1.30175,625,-1.25077,625,-1.253,625,-1.23751
626,-1.30234,626,-1.2494,626,-1.25276,626,-1.23848
627,-1.30104,627,-1.25088,627,-1.25244,627,-1.23782
628,-1.29952,628,-1.24995,628,-1.25208,628,-1.23756
629,-1.30338,629,-1.25049,629,-1.25291,629,-1.23679
630,-1.30279,630,-1.25024,630,-1.25239,630,-1.23707
631,-1.3003,631,-1.25017,631,-1.25252,631,-1.23743
632,-1.29927,632,-1.2512,632,-1.25253,632,-1.23798
633,-1.29871,633,-1.24868,633,-1.25184,633,-1.23817
634,-1.29989,634,-1.24861,634,-1.25319,634,-1.23805
635,-1.30069,635,-1.2517,635,-1.25281,635,-1.23802
636,-1.29846,636,-1.25118,636,-1.25197,636,-1.23768
637,-1.29862,637,-1.25046,637,-1.25199,637,-1.23749
638,-1.29796,638,-1.24753,638,-1.25185,638,-1.23816
639,-1.30026,639,-1.24962,639,-1.25189,639,-1.2376
640,-1.29902,640,-1.25045,640,-1.25142,640,-1.23783
641,-1.29963,641,-1.25177,641,-1.25195,641,-1.23746
642,-1.29899,642,-1.24988,642,-1.253,642,-1.23785
643,-1.2982,643,-1.251,643,-1.25147,643,-1.23797
644,-1.29671,644,-1.25093,644,-1.25114,644,-1.23844
645,-1.29478,645,-1.24947,645,-1.25205,645,-1.23765
646,-1.29521,646,-1.24999,646,-1.25206,646,-1.2372
647,-1.29635,647,-1.24942,647,-1.25052,647,-1.23795
648,-1.2969,648,-1.25022,648,-1.25219,648,-1.2383
649,-1.29733,649,-1.25062,649,-1.25097,649,-1.23808
650,-1.29775,650,-1.2503,650,-1.25171,650,-1.23784
651,-1.29564,651,-1.25013,651,-1.2514,651,-1.23731
652,-1.29794,652,-1.2514,652,-1.25021,652,-1.23758
653,-1.29739,653,-1.24986,653,-1.25109,653,-1.23834
654,-1.29728,654,-1.24928,654,-1.24832,654,-1.23797
655,-1.29786,655,-1.24989,655,-1.25076,655,-1.23748
656,-1.29665,656,-1.24864,656,-1.25053,656,-1.23699
657,-1.29639,657,-1.24945,657,-1.25105,657,-1.23836
658,-1.29612,658,-1.24894,658,-1.25159,658,-1.23839
659,-1.29544,659,-1.25051,659,-1.25131,659,-1.23769
660,-1.29498,660,-1.25045,660,-1.252,660,-1.23798
661,-1.28804,661,-1.25035,661,-1.2508,661,-1.23731
662,-1.29063,662,-1.25086,662,-1.24984,662,-1.23574
663,-1.29428,663,-1.25001,663,-1.24978,663,-1.23555
664,-1.29271,664,-1.24984,664,-1.25022,664,-1.23563
665,-1.29465,665,-1.24593,665,-1.24908,665,-1.23685
666,-1.29166,666,-1.25018,666,-1.251,666,-1.23644
667,-1.29233,667,-1.24939,667,-1.24981,667,-1.23663
668,-1.29045,668,-1.24969,668,-1.2495,668,-1.23667
669,-1.29146,669,-1.24901,669,-1.24867,669,-1.23665
670,-1.29185,670,-1.24888,670,-1.25034,670,-1.23698
671,-1.29132,671,-1.25053,671,-1.24959,671,-1.23714
672,-1.29289,672,-1.25091,672,-1.24896,672,-1.23738
673,-1.29351,673,-1.24983,673,-1.24743,673,-1.23702
674,-1.29124,674,-1.25128,674,-1.24803,674,-1.23816
675,-1.29352,675,-1.25019,675,-1.24662,675,-1.23749
676,-1.2944,676,-1.25197,676,-1.24774,676,-1.23705
677,-1.29201,677,-1.25158,677,-1.24798,677,-1.23815
678,-1.29462,678,-1.2507,678,-1.24721,678,-1.23824
679,-1.29105,679,-1.25078,679,-1.24684,679,-1.23712
680,-1.29014,680,-1.24734,680,-1.24734,680,-1.23696
681,,681,-1.24857,681,-1.24671,681,-1.2373
682,-1.28992,682,-1.24984,682,-1.24653,682,-1.23748
683,-1.28933,683,-1.24925,683,-1.24707,683,-1.23696
684,-1.2917,684,-1.25061,684,-1.24719,684,-1.23688
685,-1.28941,685,-1.25074,685,-1.24686,685,-1.23735
686,-1.289,686,-1.25034,686,-1.24638,686,-1.23652
687,-1.29351,687,-1.25033,687,-1.24601,687,-1.23689
688,-1.29155,688,-1.2486,688,-1.24567,688,-1.23663
689,-1.29148,689,-1.24998,689,-1.24595,689,-1.23654
690,-1.28921,690,-1.24901,690,-1.24591,690,-1.23604
691,,691,-1.2476,691,-1.24546,691,-1.23666
692,,692,-1.24821,692,-1.24549,692,-1.23709
693,-1.29262,693,-1.24861,693,-1.24536,693,-1.23603
694,-1.29159,694,-1.24993,694,-1.24546,694,-1.23694
695,-1.29297,695,-1.24924,695,-1.24463,695,-1.23582
696,-1.29375,696,-1.24896,696,-1.2452,696,-1.23495
697,-1.29425,697,-1.24864,697,-1.24654,697,-1.23578
698,-1.29367,698,-1.24738,698,-1.24657,698,-1.23568
699,-1.29229,699,-1.24924,699,-1.24685,699,-1.23562
700,-1.29196,700,-1.24799,700,-1.24709,700,-1.23593
701,-1.29296,701,-1.24865,701,-1.24722,701,-1.23612
702,-1.29098,702,-1.24751,702,-1.24807,702,-1.2359
703,-1.28515,703,-1.24828,703,-1.24736,703,-1.23598
704,,704,-1.24921,704,-1.2473,704,-1.23639
705,-1.28911,705,-1.25023,705,-1.24743,705,-1.23614
706,-1.2917,706,-1.24959,706,-1.24739,706,-1.23593
707,-1.29396,707,-1.24861,707,-1.2466,707,-1.23579
708,-1.29129,708,-1.24927,708,-1.24703,708,-1.23582
709,-1.29261,709,-1.24911,709,-1.24743,709,-1.23562
710,-1.29098,710,-1.24813,710,-1.24635,710,-1.23653
711,-1.29095,711,-1.24921,711,-1.24759,711,-1.23676
712,-1.29089,712,-1.24915,712,-1.24656,712,-1.23714
713,-1.28776,713,-1.25025,713,-1.2471,713,-1.23727
714,-1.28633,714,-1.24663,714,-1.24735,714,-1.23708
715,-1.28475,715,-1.24913,715,-1.24776,715,-1.23734
716,-1.28768,716,-1.24652,716,-1.24796,716,-1.23699
717,-1.28815,717,-1.24816,717,-1.24855,717,-1.23335
718,-1.28854,718,-1.24801,718,-1.24839,718,-1.23414
719,-1.28889,719,-1.24947,719,-1.24865,719,-1.23642
720,-1.28891,720,-1.24862,720,-1.24897,720,-1.23844
721,-1.29132,721,-1.24863,721,-1.24906,721,-1.23974
722,-1.29111,722,-1.2482,722,-1.24913,722,-1.2414
723,-1.28984,723,-1.24844,723,-1.24993,723,-1.24293
724,-1.28828,724,-1.24706,724,-1.24923,724,-1.24417
725,-1.28918,725,-1.24854,725,-1.24916,725,-1.24522
726,-1.28983,726,-1.24907,726,-1.24914,726,-1.24609
727,-1.28712,727,-1.24724,727,-1.24956,727,-1.24671
728,-1.28611,728,-1.24657,728,-1.25032,728,-1.24669
729,-1.28617,729,-1.24798,729,-1.25145,729,-1.24713
730,-1.2875,730,-1.25074,730,-1.25085,730,-1.24707
731,-1.2857,731,-1.23945,731,-1.24992,731,-1.24718
732,-1.28916,732,-1.24632,732,-1.24943,732,-1.24684
733,-1.2896,733,-1.2493,733,-1.24778,733,-1.2467
734,-1.28611,734,-1.25146,734,-1.24174,734,-1.24665
735,-1.28576,735,-1.25351,735,-1.2559,735,-1.24681
736,-1.28601,736,-1.25425,736,-1.26199,736,-1.24661
737,-1.25881,737,-1.2559,737,-1.26425,737,-1.24661
738,-1.25327,738,-1.25715,738,-1.26413,738,-1.24659
739,-1.25617,739,-1.2572,739,-1.26529,739,-1.24689
740,-1.26006,740,-1.25854,740,-1.26714,740,-1.24686
741,-1.26344,741,-1.25991,741,-1.26816,741,-1.2469
742,-1.26639,742,-1.2606,742,-1.26846,742,-1.24704
743,-1.26977,743,-1.26162,743,-1.27017,743,-1.24665
744,-1.27288,744,-1.26259,744,-1.27108,744,-1.2466
745,-1.27616,745,-1.2641,745,-1.27172,745,-1.24665
746,-1.27974,746,-1.26542,746,-1.27256,746,-1.24642
747,-1.28324,747,-1.2658,747,-1.27329,747,-1.24636
748,-1.2865,748,-1.26655,748,-1.27268,748,-1.2466
749,-1.28906,749,-1.26777,749,-1.27223,749,-1.24655
750,-1.29119,750,-1.26815,750,-1.27197,750,-1.2461
751,-1.29327,751,-1.26845,751,-1.27159,751,-1.24619
752,-1.29549,752,-1.26941,752,-1.27087,752,-1.24606
753,-1.2968,753,-1.27019,753,-1.27106,753,-1.24638
754,-1.29752,754,-1.27065,754,-1.27098,754,-1.2466
755,-1.2978,755,-1.27058,755,-1.27148,755,-1.2465
756,-1.29782,756,-1.27094,756,-1.27151,756,-1.24612
757,-1.29764,757,-1.27122,757,-1.27107,757,-1.24635
758,-1.29738,758,-1.27095,758,-1.27083,758,-1.24652
759,-1.29702,759,-1.27117,759,-1.26979,759,-1.24626
760,-1.29697,760,-1.27138,760,-1.26896,760,-1.2463
761,-1.29685,761,-1.27115,761,-1.26841,761,-1.24613
762,-1.29647,762,-1.27131,762,-1.26717,762,-1.24614
763,-1.29596,763,-1.27145,763,-1.26681,763,-1.24616
764,-1.29539,764,-1.27176,764,-1.26685,764,-1.246
765,-1.29487,765,-1.27181,765,-1.26561,765,-1.24611
766,-1.29433,766,-1.27136,766,-1.26493,766,-1.24636
767,-1.29429,767,-1.271,767,-1.2652,767,-1.24665
768,-1.29405,768,-1.2707,768,-1.26541,768,-1.24674
769,-1.29342,769,-1.27051,769,-1.26415,769,-1.24676
770,-1.29277,770,-1.27059,770,-1.26272,770,-1.24662
771,-1.29209,771,-1.27021,771,-1.262,771,-1.24663
772,-1.29173,772,-1.27016,772,-1.2618,772,-1.24678
773,-1.29144,773,-1.26974,773,-1.262,773,-1.2464
774,-1.29071,774,-1.26946,774,-1.26032,774,-1.24582
775,-1.28977,775,-1.26927,775,-1.25927,775,-1.24603
776,-1.28924,776,-1.26916,776,-1.25906,776,-1.24633
777,-1.28832,777,-1.26891,777,-1.25848,777,-1.24646
778,-1.28729,778,-1.26899,778,-1.25965,778,-1.24598
779,-1.28737,779,-1.26884,779,-1.25936,779,-1.24576
780,-1.28843,780,-1.26854,780,-1.25945,780,-1.24561
781,-1.2884,781,-1.26837,781,-1.25888,781,-1.2456
782,-1.28776,782,-1.26793,782,-1.25813,782,-1.24584
783,-1.28668,783,-1.26777,783,-1.25762,783,-1.24575
784,-1.28535,784,-1.26765,784,-1.25744,784,-1.24578
785,-1.28489,785,-1.26732,785,-1.25709,785,-1.24553
786,-1.28396,786,-1.26707,786,-1.25749,786,-1.24537
787,-1.28282,787,-1.2664,787,-1.25707,787,-1.2452
788,-1.28174,788,-1.26601,788,-1.25696,788,-1.24507
789,-1.2812,789,-1.26597,789,-1.25672,789,-1.24519
790,-1.28104,790,-1.26549,790,-1.25762,790,-1.24507
791,-1.28002,791,-1.26539,791,-1.25822,791,-1.24512
792,-1.28003,792,-1.26486,792,-1.25721,792,-1.24499
793,-1.28,793,-1.26461,793,-1.25574,793,-1.24506
794,-1.28065,794,-1.26447,794,-1.25443,794,-1.24535
795,-1.28091,795,-1.26411,795,-1.25399,795,-1.2449
796,-1.28099,796,-1.26389,796,-1.25391,796,-1.24452
797,-1.28158,797,-1.26335,797,-1.2526,797,-1.24382
798,-1.28166,798,-1.26303,798,-1.25189,798,-1.2443
799,-1.28135,799,-1.26286,799,-1.25147,799,-1.24394
800,-1.28101,800,-1.2625,800,-1.25115,800,-1.24436
801,-1.28068,801,-1.26214,801,-1.25041,801,-1.24406
802,-1.28049,802,-1.26243,802,-1.25138,802,-1.24378
803,-1.28034,803,-1.26215,803,-1.25092,803,-1.24387
804,-1.28074,804,-1.26181,804,-1.25131,804,-1.24396
805,-1.28024,805,-1.26176,805,-1.25089,805,-1.24399
806,-1.27982,806,-1.26147,806,-1.25064,806,-1.24337
807,-1.27933,807,-1.26129,807,-1.25056,807,-1.24354
808,-1.27912,808,-1.26125,808,-1.25179,808,-1.24344
809,-1.27892,809,-1.26103,809,-1.25242,809,-1.24319
810,-1.27855,810,-1.2608,810,-1.25264,810,-1.24319
811,-1.27808,811,-1.2605,811,-1.25297,811,-1.24356
812,-1.27582,812,-1.25993,812,-1.25187,812,-1.2434
813,-1.27291,813,-1.25981,813,-1.25166,813,-1.24299
814,-1.27235,814,-1.25926,814,-1.25208,814,-1.24286
815,-1.27265,815,-1.25912,815,-1.25214,815,-1.24308
816,-1.27277,816,-1.25909,816,-1.25207,816,-1.2431
817,-1.27289,817,-1.25922,817,-1.25219,817,-1.24311
818,-1.2734,818,-1.25898,818,-1.25275,818,-1.24289
819,-1.27314,819,-1.25869,819,-1.25262,819,-1.24314
820,-1.27316,820,-1.25842,820,-1.25272,820,-1.2429
821,-1.27324,821,-1.25862,821,-1.25251,821,-1.24248
822,-1.27318,822,-1.25809,822,-1.25241,822,-1.24262
823,-1.27344,823,-1.25827,823,-1.25241,823,-1.24263
824,-1.27307,824,-1.25839,824,-1.25458,824,-1.24278
825,-1.27329,825,-1.25769,825,-1.25545,825,-1.24283
826,-1.27302,826,-1.25796,826,-1.25372,826,-1.24314
827,-1.27272,827,-1.25767,827,-1.25484,827,-1.24292
828,-1.27244,828,-1.25762,828,-1.2545,828,-1.24268
829,-1.27185,829,-1.25739,829,-1.25467,829,-1.24294
830,-1.27133,830,-1.25736,830,-1.25446,830,-1.243
831,-1.27109,831,-1.25708,831,-1.25514,831,-1.24304
832,-1.27135,832,-1.2578,832,-1.25409,832,-1.24277
833,-1.27084,833,-1.2575,833,-1.25455,833,-1.24289
834,-1.27044,834,-1.25737,834,-1.255,834,-1.24239
835,-1.27048,835,-1.25756,835,-1.25399,835,-1.24216
836,-1.27044,836,-1.25703,836,-1.25377,836,-1.2421
837,-1.27037,837,-1.25727,837,-1.25455,837,-1.24237
838,-1.27015,838,-1.2567,838,-1.25465,838,-1.24229
839,-1.27048,839,-1.25688,839,-1.25316,839,-1.24206
840,-1.27009,840,-1.25662,840,-1.25316,840,-1.24235
841,-1.26988,841,-1.2566,841,-1.25369,841,-1.24227
842,-1.27183,842,-1.25577,842,-1.2543,842,-1.24225
843,-1.27186,843,-1.25575,843,-1.25564,843,-1.24206
844,-1.2711,844,-1.25549,844,-1.25654,844,-1.24189
845,-1.27114,845,-1.25495,845,-1.256,845,-1.24174
846,-1.27087,846,-1.25499,846,-1.25493,846,-1.24157
847,-1.27099,847,-1.25511,847,-1.25493,847,-1.24154
848,-1.27049,848,-1.25481,848,-1.25415,848,-1.24152
849,-1.27026,849,-1.25428,849,-1.25551,849,-1.24147
850,-1.2702,850,-1.25408,850,-1.25366,850,-1.24152
851,-1.27047,851,-1.25395,851,-1.25363,851,-1.24098
852,-1.27039,852,-1.2539,852,-1.25378,852,-1.24107
853,-1.27016,853,-1.25414,853,-1.25349,853,-1.24117
854,-1.27045,854,-1.25396,854,-1.25335,854,-1.24111
855,-1.27037,855,-1.25366,855,-1.25392,855,-1.2411
856,-1.27035,856,-1.25355,856,-1.25396,856,-1.241
857,-1.27016,857,-1.25382,857,-1.25399,857,-1.24114
858,-1.26999,858,-1.25349,858,-1.25433,858,-1.24143
859,-1.26984,859,-1.25349,859,-1.25366,859,-1.24137
860,-1.26967,860,-1.25311,860,-1.25392,860,-1.24104
861,-1.26964,861,-1.25327,861,-1.2548,861,-1.24091
862,-1.26962,862,-1.25315,862,-1.25417,862,-1.24097
863,-1.26957,863,-1.25373,863,-1.25431,863,-1.24084
864,-1.26962,864,-1.25331,864,-1.25309,864,-1.24074
865,-1.26908,865,-1.25276,865,-1.25317,865,-1.24093
866,-1.26917,866,-1.25333,866,-1.25311,866,-1.24085
867,-1.26927,867,-1.25346,867,-1.25333,867,-1.24076
868,-1.26921,868,-1.25354,868,-1.25289,868,-1.24095
869,-1.2692,869,-1.25337,869,-1.25334,869,-1.24056
870,-1.2691,870,-1.25335,870,-1.25338,870,-1.24042
871,-1.26924,871,-1.25284,871,-1.25452,871,-1.2403
872,-1.26953,872,-1.25253,872,-1.25423,872,-1.24012
873,-1.26947,873,-1.25197,873,-1.2535,873,-1.2396
874,-1.26914,874,-1.25205,874,-1.25354,874,-1.24029
875,-1.26901,875,-1.25232,875,-1.2541,875,-1.24012
876,-1.26907,876,-1.2518,876,-1.25376,876,-1.24009
877,-1.26894,877,-1.25155,877,-1.25384,877,-1.24042
878,-1.26884,878,-1.25241,878,-1.25369,878,-1.24044
879,-1.26903,879,-1.25203,879,-1.25356,879,-1.23997
880,-1.26895,880,-1.25183,880,-1.25356,880,-1.24034
881,-1.26886,881,-1.25099,881,-1.25364,881,-1.24026
882,-1.26905,882,-1.25086,882,-1.25466,882,-1.24007
883,-1.26866,883,-1.25058,883,-1.2546,883,-1.2396
884,-1.26852,884,-1.25013,884,-1.25467,884,-1.23974
885,-1.2684,885,-1.25047,885,-1.25416,885,-1.2398
886,-1.26822,886,-1.25062,886,-1.25337,886,-1.23947
887,-1.2677,887,-1.25068,887,-1.25339,887,-1.23917
888,-1.26839,888,-1.25026,888,-1.25317,888,-1.2392
889,-1.26822,889,-1.25019,889,-1.25291,889,-1.23903
890,-1.26819,890,-1.25055,890,-1.25336,890,-1.23908
891,-1.26852,891,-1.25035,891,-1.25342,891,-1.23936
892,-1.26854,892,-1.25044,892,-1.25323,892,-1.23927
893,-1.26807,893,-1.24998,893,-1.25312,893,-1.23932
894,-1.26844,894,-1.24927,894,-1.25361,894,-1.23891
895,-1.26836,895,-1.24897,895,-1.25391,895,-1.23839
896,-1.26817,896,-1.24886,896,-1.2543,896,-1.23811
897,-1.2677,897,-1.24896,897,-1.25363,897,-1.23839
898,-1.26784,898,-1.24896,898,-1.25364,898,-1.23861
899,-1.2679,899,-1.24874,899,-1.25377,899,-1.23895
900,-1.26757,900,-1.24861,900,-1.25356,900,-1.2389
901,-1.26727,901,-1.24883,901,-1.25351,901,-1.23918
902,-1.2673,902,-1.24925,902,-1.25432,902,-1.23906
903,-1.26713,903,-1.24885,903,-1.2545,903,-1.23893
904,-1.26718,904,-1.24913,904,-1.2548,904,-1.23915
905,-1.26746,905,-1.24913,905,-1.25516,905,-1.23893
906,-1.26737,906,-1.2485,906,-1.25543,906,-1.23833
907,-1.26742,907,-1.24893,907,-1.25551,907,-1.2388
908,-1.26701,908,-1.24877,908,-1.25556,908,-1.23904
909,-1.26649,909,-1.24857,909,-1.25558,909,-1.23895
910,-1.26621,910,-1.2483,910,-1.25605,910,-1.23902
911,-1.26649,911,-1.24833,911,-1.25627,911,-1.23868
912,-1.26671,912,-1.24865,912,-1.25605,912,-1.23873
913,-1.26705,913,-1.2488,913,-1.25629,913,-1.23865
914,-1.267,914,-1.24858,914,-1.25645,914,-1.2388
915,-1.26728,915,-1.24817,915,-1.25663,915,-1.23881
916,-1.26716,916,-1.24819,916,-1.25643,916,-1.23889
917,-1.26703,917,-1.24837,917,-1.2564,917,-1.23856
918,-1.26725,918,-1.24812,918,-1.25638,918,-1.23859
919,-1.26703,919,-1.24767,919,-1.24931,919,-1.23844
920,-1.26643,920,-1.24743,920,-1.25029,920,-1.23777
921,-1.2669,921,-1.24789,921,-1.25026,921,-1.23808
922,-1.26714,922,-1.24878,922,-1.25096,922,-1.23761
923,-1.26705,923,-1.24832,923,-1.2512,923,-1.23759
924,-1.26712,924,-1.24756,924,-1.25204,924,-1.23709
925,-1.26678,925,-1.24859,925,-1.25199,925,-1.23763
926,-1.26683,926,-1.24844,926,-1.25158,926,-1.23704
927,-1.26675,927,-1.24777,927,-1.25163,927,-1.2375
928,-1.2669,928,-1.2475,928,-1.25218,928,-1.2371
929,-1.26691,929,-1.24807,929,-1.25209,929,-1.23736
930,-1.26699,930,-1.24746,930,-1.25186,930,-1.23781
931,-1.26666,931,-1.24742,931,-1.25197,931,-1.23785
932,-1.26669,932,-1.24795,932,-1.25174,932,-1.23745
933,-1.26654,933,-1.24828,933,-1.25167,933,-1.23721
934,-1.26587,934,-1.24801,934,-1.2515,934,-1.23752
935,-1.26618,935,-1.2481,935,-1.25185,935,-1.23712
936,-1.26571,936,-1.24792,936,-1.25243,936,-1.23732
937,-1.26569,937,-1.24827,937,-1.25289,937,-1.23726
938,-1.26519,938,-1.24795,938,-1.25256,938,-1.23695
939,-1.26573,939,,939,-1.25237,939,-1.23731
940,-1.26514,940,,940,-1.25273,940,-1.23708
941,-1.2656,941,-1.24656,941,-1.25185,941,-1.23706
942,-1.2652,942,-1.24722,942,-1.25179,942,-1.23753
943,-1.26546,943,-1.24673,943,-1.25125,943,-1.23768
944,-1.26591,944,-1.2462,944,-1.25132,944,-1.23814
945,-1.26595,945,-1.24601,945,-1.2522,945,-1.23768
946,-1.26555,946,-1.2451,946,-1.25197,946,-1.23739
947,-1.26531,947,-1.24652,947,-1.25166,947,-1.23747
948,-1.26562,948,-1.24665,948,-1.25161,948,-1.23788
949,-1.26522,949,-1.24658,949,-1.25169,949,-1.23779
950,-1.26542,950,-1.24676,950,-1.25154,950,-1.23833
951,-1.26536,951,-1.24641,951,-1.25161,951,-1.23762
952,-1.26505,952,-1.24667,952,-1.25149,952,-1.23769
953,-1.26541,953,-1.24665,953,-1.2521,953,-1.23802
954,-1.26518,954,-1.24667,954,-1.25191,954,-1.23789
955,-1.26516,955,-1.24669,955,-1.25221,955,-1.23791
956,-1.26563,956,-1.24632,956,-1.25219,956,-1.23793
957,-1.26578,957,-1.24444,957,-1.25215,957,-1.23785
958,-1.26624,958,-1.24619,958,-1.25237,958,-1.23795
959,-1.26578,959,-1.24597,959,-1.25243,959,-1.23765
960,-1.26549,960,-1.24629,960,-1.25262,960,-1.23783
961,-1.26557,961,-1.24656,961,-1.25207,961,-1.23781
962,-1.26598,962,-1.24686,962,-1.25171,962,-1.23778
963,-1.26589,963,-1.2469,963,-1.25178,963,-1.23777
964,-1.26643,964,-1.24668,964,-1.25221,964,-1.23858
965,-1.26572,965,-1.2467,965,-1.25246,965,-1.2385
966,-1.26579,966,-1.24639,966,-1.25262,966,-1.23834
967,-1.26612,967,-1.24658,967,-1.25196,967,-1.23911
968,-1.26599,968,-1.24644,968,-1.25139,968,-1.2389
969,-1.26601,969,-1.24664,969,-1.25164,969,-1.23937
970,-1.26603,970,-1.2464,970,-1.2521,970,-1.2391
971,-1.26595,971,-1.24605,971,-1.25241,971,-1.23945
972,-1.26605,972,-1.24581,972,-1.2526,972,-1.23903
973,-1.26575,973,-1.24538,973,-1.25296,973,-1.23925
974,-1.26593,974,-1.24611,974,-1.25298,974,-1.23904
975,-1.26591,975,-1.24585,975,-1.25259,975,-1.23923
976,-1.26588,976,-1.24533,976,-1.25288,976,-1.23904
977,-1.26587,977,-1.2455,977,-1.25328,977,-1.23927
978,-1.26668,978,-1.24578,978,-1.25304,978,-1.2392
979,-1.2666,979,-1.24543,979,-1.25338,979,-1.23917
980,-1.26644,980,-1.24526,980,-1.25348,980,-1.23949
981,-1.26669,981,-1.24517,981,-1.2537,981,-1.23931
982,-1.26682,982,-1.24548,982,-1.25406,982,-1.23914
983,-1.26694,983,-1.24515,983,-1.25396,983,-1.23889
984,-1.26707,984,-1.24478,984,-1.25353,984,-1.23923
985,-1.26719,985,-1.24476,985,-1.25434,985,-1.23933
986,-1.26732,986,-1.24434,986,-1.25376,986,-1.23946
987,-1.26744,987,-1.24423,987,-1.25348,987,-1.23954
988,-1.26757,988,-1.24478,988,-1.25334,988,-1.23934
989,-1.26769,989,-1.24546,989,-1.25322,989,-1.23932
990,-1.26782,990,-1.24494,990,-1.25314,990,-1.23939
991,-1.26794,991,-1.2453,991,-1.25332,991,-1.23959
992,-1.26807,992,-1.2451,992,-1.2534,992,-1.23924
993,-1.26819,993,-1.24463,993,-1.25359,993,-1.23954
994,-1.26832,994,-1.24479,994,-1.25374,994,-1.23946
995,-1.26844,995,-1.245,995,-1.25384,995,-1.23928
996,-1.26857,996,-1.24393,996,-1.25339,996,-1.23925
997,-1.26869,997,-1.24386,997,-1.25365,997,-1.23906
998,-1.26881,998,-1.24423,998,-1.25314,998,-1.23863
999,-1.26894,999,-1.24458,999,-1.25336,999,-1.23893
1000,-1.26906,1000,-1.24533,1000,-1.25338,1000,-1.23895
1001,-1.26919,1001,-1.24528,1001,-1.25363,1001,-1.2384
1002,-1.26931,1002,-1.24476,1002,-1.25384,1002,-1.23843
1003,-1.26944,1003,-1.2447,1003,-1.25417,1003,-1.23799
1004,-1.26956,1004,-1.2443,1004,-1.25438,1004,-1.23798
1005,-1.26969,1005,-1.24433,1005,-1.25464,1005,-1.23823
1006,-1.26981,1006,-1.24532,1006,-1.2541,1006,-1.2383
1007,-1.26994,1007,-1.24565,1007,-1.25444,1007,-1.23812
1008,-1.27006,1008,-1.24613,1008,-1.2544,1008,-1.23774
1009,-1.26738,1009,-1.24578,1009,-1.25513,1009,-1.23797
1010,-1.26735,1010,-1.24467,1010,-1.25563,1010,-1.2379
1011,-1.26716,1011,-1.24463,1011,-1.2551,1011,-1.23758
1012,-1.26673,1012,-1.24465,1012,-1.25521,1012,-1.23803
1013,-1.26703,1013,-1.24409,1013,-1.2552,1013,-1.23809
1014,-1.26705,1014,-1.24446,1014,-1.25507,1014,-1.23795
1015,-1.2665,1015,-1.2448,1015,-1.25543,1015,-1.23801
1016,-1.26653,1016,-1.24566,1016,-1.25584,1016,-1.23825
1017,-1.26609,1017,-1.24585,1017,-1.25464,1017,-1.23792
1018,-1.26608,1018,-1.24497,1018,-1.25475,1018,-1.23823
1019,-1.26633,1019,-1.24469,1019,-1.25555,1019,-1.23824
1020,-1.2664,1020,-1.24481,1020,-1.25546,1020,-1.23824
1021,-1.26622,1021,-1.24409,1021,-1.25515,1021,-1.23819
1022,-1.26584,1022,-1.24405,1022,-1.25508,1022,-1.23824
1023,-1.26607,1023,-1.24422,1023,-1.25555,1023,-1.23852
1024,-1.266,1024,-1.24405,1024,-1.2557,1024,-1.23833
1025,-1.26568,1025,-1.24395,1025,-1.25594,1025,-1.23856
1026,-1.26613,1026,-1.24445,1026,-1.25548,1026,-1.23812
1027,-1.26619,1027,-1.24401,1027,-1.25517,1027,-1.23809
1028,-1.26605,1028,-1.24401,1028,-1.25496,1028,-1.23809
1029,-1.26611,1029,-1.24402,1029,-1.25492,1029,-1.23833
1030,-1.26635,1030,-1.24438,1030,-1.25482,1030,-1.23805
1031,-1.26602,1031,-1.24422,1031,-1.25526,1031,-1.23806
1032,-1.26633,1032,-1.24386,1032,-1.25499,1032,-1.23787
1033,-1.26634,1033,-1.24415,1033,-1.25511,1033,-1.23808
1034,-1.26634,1034,-1.24414,1034,-1.2552,1034,-1.23773
1035,-1.26629,1035,-1.24416,1035,-1.25515,1035,-1.23791
1036,-1.26634,1036,-1.24399,1036,-1.25501,1036,-1.23825
1037,-1.26662,1037,-1.24468,1037,-1.25501,1037,-1.23767
1038,-1.26643,1038,-1.24438,1038,-1.25472,1038,-1.23784
1039,-1.26666,1039,-1.24397,1039,-1.25462,1039,-1.23741
1040,-1.26622,1040,-1.24368,1040,-1.25484,1040,-1.2377
1041,-1.26619,1041,-1.24431,1041,-1.25483,1041,-1.238
1042,-1.26619,1042,-1.24401,1042,-1.25449,1042,-1.23797
1043,-1.26643,1043,-1.24433,1043,-1.25443,1043,-1.23788
1044,-1.26615,1044,-1.24435,1044,-1.25464,1044,-1.23792
1045,-1.26616,1045,-1.24475,1045,-1.25475,1045,-1.23766
1046,-1.26597,1046,-1.24415,1046,-1.25457,1046,-1.23795
1047,-1.26618,1047,-1.244,1047,-1.25472,1047,-1.23805
1048,-1.26583,1048,-1.24384,1048,-1.25474,1048,-1.23792
1049,-1.26601,1049,-1.24315,1049,-1.25507,1049,-1.23797
1050,-1.26635,1050,-1.24339,1050,-1.25542,1050,-1.23821
1051,-1.26577,1051,-1.24394,1051,-1.25583,1051,-1.23799
1052,-1.26594,1052,-1.24388,1052,-1.25501,1052,-1.2383
1053,-1.26551,1053,-1.24363,1053,-1.25532,1053,-1.23816
1054,-1.2658,1054,-1.2438,1054,-1.25536,1054,-1.23826
1055,-1.2661,1055,-1.24356,1055,-1.25526,1055,-1.23834
1056,-1.26607,1056,-1.24322,1056,-1.25505,1056,-1.23805
1057,-1.26598,1057,-1.24206,1057,-1.25567,1057,-1.23859
1058,-1.26602,1058,-1.2427,1058,-1.25537,1058,-1.23823
1059,-1.26576,1059,-1.24314,1059,-1.25534,1059,-1.23832
1060,-1.26605,1060,-1.24348,1060,-1.25524,1060,-1.23822
1061,-1.26615,1061,-1.24376,1061,-1.25571,1061,-1.23853
1062,-1.26602,1062,-1.24433,1062,-1.25561,1062,-1.23856
1063,-1.26607,1063,-1.24421,1063,-1.25595,1063,-1.23833
1064,-1.26631,1064,-1.24448,1064,-1.25582,1064,-1.23887
1065,-1.26609,1065,-1.24471,1065,-1.25582,1065,-1.23891
1066,-1.2664,1066,-1.24406,1066,-1.25548,1066,-1.23906
1067,-1.26626,1067,-1.24397,1067,-1.25495,1067,-1.23916
1068,-1.26636,1068,-1.24445,1068,-1.25487,1068,-1.23932
1069,-1.26644,1069,-1.24394,1069,-1.25488,1069,-1.23936
1070,-1.26615,1070,-1.24411,1070,-1.25573,1070,-1.23914
1071,-1.26669,1071,-1.24426,1071,-1.25611,1071,-1.23879
1072,-1.26633,1072,-1.24422,1072,-1.25648,1072,-1.23919
1073,-1.26642,1073,-1.24493,1073,-1.25636,1073,-1.23916
1074,-1.26632,1074,-1.2449,1074,-1.25629,1074,-1.23921
1075,-1.26663,1075,-1.24506,1075,-1.25667,1075,-1.23907
1076,-1.26666,1076,-1.24479,1076,-1.25656,1076,-1.23994
1077,-1.26643,1077,-1.24469,1077,-1.25686,1077,-1.23937
1078,-1.26697,1078,-1.24504,1078,-1.25703,1078,-1.23931
1079,-1.26701,1079,-1.24553,1079,-1.25636,1079,-1.23954
1080,-1.26716,1080,-1.24588,1080,-1.25649,1080,-1.23944
1081,-1.26726,1081,-1.24554,1081,-1.25659,1081,-1.23948
1082,-1.26742,1082,-1.24472,1082,-1.2569,1082,-1.23977
1083,-1.26746,1083,-1.24472,1083,-1.25666,1083,-1.23939
1084,-1.26724,1084,-1.24495,1084,-1.25673,1084,-1.23937
1085,-1.26689,1085,-1.24464,1085,-1.25697,1085,-1.23957
1086,-1.26729,1086,-1.24454,1086,-1.25663,1086,-1.23941
1087,-1.26726,1087,-1.24468,1087,-1.25636,1087,-1.2395
1088,-1.26731,1088,-1.24413,1088,-1.25663,1088,-1.23919
1089,-1.26717,1089,-1.24463,1089,-1.25598,1089,-1.23956
1090,-1.26804,1090,-1.24413,1090,-1.25586,1090,-1.23909
1091,-1.26747,1091,-1.24403,1091,-1.25613,1091,-1.23929
1092,-1.26741,1092,-1.24412,1092,-1.25628,1092,-1.23945
1093,-1.26764,1093,-1.24392,1093,-1.25633,1093,-1.23888
1094,-1.26754,1094,-1.24384,1094,-1.25599,1094,-1.23926
1095,-1.26758,1095,-1.24407,1095,-1.2565,1095,-1.23953
1096,-1.26787,1096,-1.24404,1096,-1.25673,1096,-1.23994
1097,-1.26749,1097,-1.24446,1097,-1.25654,1097,-1.23995
1098,-1.26747,1098,-1.24466,1098,-1.2568,1098,-1.23966
1099,-1.26767,1099,-1.24374,1099,-1.25698,1099,-1.23997
1100,-1.26751,1100,-1.24411,1100,-1.25705,1100,-1.23976
1101,-1.2676,1101,-1.24403,1101,-1.25705,1101,-1.24007
1102,-1.26729,1102,-1.244,1102,-1.2571,1102,-1.24024
1103,-1.26766,1103,-1.24384,1103,-1.25678,1103,-1.23998
1104,-1.26719,1104,-1.24387,1104,-1.2567,1104,-1.23993
1105,-1.26739,1105,-1.24288,1105,-1.25717,1105,-1.24
1106,-1.26755,1106,-1.24292,1106,-1.25717,1106,-1.24017
1107,-1.26698,1107,-1.24059,1107,-1.25693,1107,-1.24005
1108,-1.26736,1108,-1.23944,1108,-1.25661,1108,-1.24055
1109,-1.26763,1109,-1.24299,1109,-1.25638,1109,-1.24068
1110,-1.26804,1110,-1.24343,1110,-1.25636,1110,-1.24054
1111,-1.26805,1111,-1.24357,1111,-1.25633,1111,-1.24096
1112,-1.26776,1112,-1.24354,1112,-1.25645,1112,-1.24093
1113,-1.26807,1113,-1.24357,1113,-1.25644,1113,-1.24105
1114,-1.26786,1114,-1.24396,1114,-1.2561,1114,-1.24057
1115,-1.26817,1115,-1.24312,1115,-1.25647,1115,-1.24032
1116,-1.26834,1116,-1.24314,1116,-1.25698,1116,-1.24066
1117,-1.26808,1117,-1.24365,1117,-1.25744,1117,-1.24003
1118,-1.26803,1118,-1.24282,1118,-1.25653,1118,-1.24064
1119,-1.2681,1119,-1.24242,1119,-1.25696,1119,-1.24045
1120,-1.26827,1120,-1.24354,1120,-1.2573,1120,-1.24044
1121,-1.26815,1121,-1.2438,1121,-1.25726,1121,-1.24033
1122,-1.26865,1122,-1.24358,1122,-1.25694,1122,-1.24074
1123,-1.26878,1123,-1.24369,1123,-1.25698,1123,-1.24073
1124,-1.26864,1124,-1.24309,1124,-1.25685,1124,-1.24081
1125,-1.26906,1125,-1.24302,1125,-1.2573,1125,-1.24088
1126,-1.26903,1126,-1.24336,1126,-1.2578,1126,-1.24081
1127,-1.26915,1127,-1.24326,1127,-1.25788,1127,-1.24055
1128,-1.26867,1128,-1.24259,1128,-1.25836,1128,-1.24073
1129,-1.26842,1129,-1.24331,1129,-1.25839,1129,-1.24091
1130,-1.26876,1130,-1.24381,1130,-1.25826,1130,-1.24092
1131,-1.26813,1131,-1.24374,1131,-1.25786,1131,-1.24045
1132,-1.26874,1132,-1.24398,1132,-1.25726,1132,-1.24058
1133,-1.26855,1133,-1.24354,1133,-1.25784,1133,-1.24054
1134,-1.26854,1134,-1.24263,1134,-1.25781,1134,-1.24029
1135,-1.26843,1135,-1.24158,1135,-1.25768,1135,-1.24017
1136,-1.26884,1136,-1.24355,1136,-1.25771,1136,-1.24026
1137,-1.26883,1137,-1.24338,1137,-1.25752,1137,-1.24034
1138,-1.26891,1138,-1.24407,1138,-1.25805,1138,-1.24043
1139,-1.26898,1139,,1139,-1.25775,1139,-1.23993
1140,-1.26891,1140,-1.24406,1140,-1.2573,1140,-1.24025
1141,-1.26865,1141,-1.24387,1141,-1.25791,1141,-1.24056
1142,-1.26883,1142,-1.24374,1142,-1.2576,1142,-1.24062
1143,-1.26901,1143,-1.24321,1143,-1.25723,1143,-1.2404
1144,-1.26902,1144,-1.24402,1144,-1.2571,1144,-1.24072
1145,-1.26855,1145,-1.2437,1145,-1.25693,1145,-1.24053
1146,-1.26868,1146,-1.2434,1146,-1.2579,1146,-1.2406
1147,-1.26864,1147,-1.24401,1147,-1.25776,1147,-1.24063
1148,-1.26839,1148,-1.24393,1148,-1.258,1148,-1.24088
1149,-1.26827,1149,-1.24449,1149,-1.25768,1149,-1.24075
1150,-1.26836,1150,-1.24365,1150,-1.25826,1150,-1.24078
1151,-1.26844,1151,-1.2437,1151,-1.25811,1151,-1.24076
1152,-1.26853,1152,-1.24428,1152,-1.25819,1152,-1.24079
1153,-1.26803,1153,-1.24434,1153,-1.25775,1153,-1.24059
1154,-1.26835,1154,-1.2443,1154,-1.25778,1154,-1.24108
1155,-1.26866,1155,-1.24339,1155,-1.25786,1155,-1.24098
1156,-1.26872,1156,-1.24398,1156,-1.25736,1156,-1.24109
1157,-1.2685,1157,-1.244,1157,-1.25747,1157,-1.24095
1158,-1.26882,1158,-1.24467,1158,-1.25702,1158,-1.24121
1159,-1.26863,1159,-1.24487,1159,-1.25684,1159,-1.24128
1160,-1.2687,1160,-1.24474,1160,-1.25716,1160,-1.2413
1161,-1.26873,1161,-1.24442,1161,-1.25706,1161,-1.24098
1162,-1.26898,1162,-1.24466,1162,-1.25701,1162,-1.24095
1163,-1.26885,1163,-1.24331,1163,-1.25606,1163,-1.24106
1164,-1.26888,1164,-1.24503,1164,-1.25625,1164,-1.24094
1165,-1.26886,1165,-1.24418,1165,-1.25624,1165,-1.24103
1166,-1.26889,1166,-1.24458,1166,-1.25584,1166,-1.24106
1167,-1.26869,1167,-1.24512,1167,-1.25587,1167,-1.2407
1168,-1.26918,1168,-1.24566,1168,-1.25607,1168,-1.24032
1169,-1.26908,1169,-1.24578,1169,-1.2574,1169,-1.2406
1170,-1.26919,1170,-1.24482,1170,-1.25767,1170,-1.24057
1171,-1.26905,1171,-1.24537,1171,-1.25766,1171,-1.24061
1172,-1.26931,1172,-1.24528,1172,-1.25789,1172,-1.24055
1173,-1.26938,1173,-1.24514,1173,-1.25816,1173,-1.23995
1174,-1.2694,1174,-1.24509,1174,-1.25787,1174,-1.24012
1175,-1.26908,1175,-1.24533,1175,-1.25759,1175,-1.24031
1176,-1.26905,1176,-1.24529,1176,-1.25777,1176,-1.2402
1177,-1.26916,1177,-1.24547,1177,-1.25737,1177,-1.23986
1178,-1.26904,1178,-1.24573,1178,-1.2574,1178,-1.24017
1179,-1.26913,1179,-1.24589,1179,-1.25699,1179,-1.23984
1180,-1.26916,1180,-1.24493,1180,-1.25757,1180,-1.24011
1181,-1.2688,1181,-1.24448,1181,-1.25744,1181,-1.24003
1182,-1.26842,1182,-1.24436,1182,-1.25701,1182,-1.24023
1183,-1.2687,1183,-1.24351,1183,-1.25698,1183,-1.24039
1184,-1.26867,1184,-1.2444,1184,-1.25666,1184,-1.24021
1185,-1.26871,1185,-1.24407,1185,-1.25664,1185,-1.24025
1186,-1.26865,1186,-1.24432,1186,-1.25601,1186,-1.24078
1187,-1.26805,1187,-1.24405,1187,-1.2558,1187,-1.24073
1188,-1.26822,1188,-1.24416,1188,-1.2557,1188,-1.24037
1189,-1.26841,1189,-1.24477,1189,-1.25526,1189,-1.24026
1190,-1.2683,1190,-1.24441,1190,-1.25554,1190,-1.24051
1191,-1.26796,1191,-1.24472,1191,-1.25561,1191,-1.2405
1192,-1.26827,1192,-1.2448,1192,-1.25518,1192,-1.24027
1193,-1.26794,1193,-1.24429,1193,-1.25519,1193,-1.23893
1194,-1.26821,1194,-1.24446,1194,-1.25498,1194,-1.2385
1195,-1.26813,1195,-1.24437,1195,-1.25552,1195,-1.2384
1196,-1.26833,1196,-1.24462,1196,-1.25628,1196,-1.23803
1197,-1.26849,1197,-1.2442,1197,-1.25598,1197,-1.23829
1198,-1.26831,1198,-1.24395,1198,-1.25541,1198,-1.23777
1199,-1.26835,1199,-1.24375,1199,-1.2551,1199,-1.23752
1199.99,-1.26888,1199.99,-1.24413,1199.99,-1.25507,1199.99,